<?xml version="1.0" encoding="UTF-8"?>
<rentals>
   <rental>
      <Customer>cust123</Customer>
      <Start_Date>2017-07-17</Start_Date>
      <Tool>AC295-69</Tool>
      <Weeks>0</Weeks>
      <Days>2</Days>
   </rental>
   <rental>
      <Customer>cust779</Customer>
      <Start_Date>2017-07-17</Start_Date>
      <Tool>AC354-50</Tool>
      <Weeks>0</Weeks>
      <Days>1</Days>
   </rental>
   <rental>
      <Customer>cust381</Customer>
      <Start_Date>2017-07-17</Start_Date>
      <Tool>FL743-64</Tool>
      <Weeks>0</Weeks>
      <Days>1</Days>
   </rental>
   <rental>
      <Customer>cust403</Customer>
      <Start_Date>2017-07-17</Start_Date>
      <Tool>PU958-39</Tool>
      <Weeks>0</Weeks>
      <Days>6</Days>
   </rental>
   <rental>
      <Customer>cust976</Customer>
      <Start_Date>2017-07-17</Start_Date>
      <Tool>CT881-19</Tool>
      <Weeks>0</Weeks>
      <Days>2</Days>
   </rental>
   <rental>
      <Customer>cust265</Customer>
      <Start_Date>2017-07-18</Start_Date>
      <Tool>PU856-40</Tool>
      <Weeks>0</Weeks>
      <Days>1</Days>
   </rental>
   <rental>
      <Customer>cust841</Customer>
      <Start_Date>2017-07-18</Start_Date>
      <Tool>LA467-72</Tool>
      <Weeks>0</Weeks>
      <Days>2</Days>
   </rental>
   <rental>
      <Customer>cust338</Customer>
      <Start_Date>2017-07-18</Start_Date>
      <Tool>LA394-86</Tool>
      <Weeks>1</Weeks>
      <Days>6</Days>
   </rental>
   <rental>
      <Customer>cust747</Customer>
      <Start_Date>2017-07-18</Start_Date>
      <Tool>LA416-93</Tool>
      <Weeks>0</Weeks>
      <Days>2</Days>
   </rental>
   <rental>
      <Customer>cust396</Customer>
      <Start_Date>2017-07-18</Start_Date>
      <Tool>PU154-28</Tool>
      <Weeks>0</Weeks>
      <Days>4</Days>
   </rental>
   <rental>
      <Customer>cust898</Customer>
      <Start_Date>2017-07-19</Start_Date>
      <Tool>CT837-55</Tool>
      <Weeks>0</Weeks>
      <Days>1</Days>
   </rental>
   <rental>
      <Customer>cust115</Customer>
      <Start_Date>2017-07-19</Start_Date>
      <Tool>PU416-64</Tool>
      <Weeks>0</Weeks>
      <Days>2</Days>
   </rental>
   <rental>
      <Customer>cust523</Customer>
      <Start_Date>2017-07-20</Start_Date>
      <Tool>PU958-39</Tool>
      <Weeks>0</Weeks>
      <Days>3</Days>
   </rental>
   <rental>
      <Customer>cust220</Customer>
      <Start_Date>2017-07-20</Start_Date>
      <Tool>EM860-45</Tool>
      <Weeks>0</Weeks>
      <Days>1</Days>
   </rental>
   <rental>
      <Customer>cust272</Customer>
      <Start_Date>2017-07-20</Start_Date>
      <Tool>CT598-32</Tool>
      <Weeks>0</Weeks>
      <Days>1</Days>
   </rental>
   <rental>
      <Customer>cust433</Customer>
      <Start_Date>2017-07-21</Start_Date>
      <Tool>PU583-45</Tool>
      <Weeks>1</Weeks>
      <Days>3</Days>
   </rental>
   <rental>
      <Customer>cust427</Customer>
      <Start_Date>2017-07-21</Start_Date>
      <Tool>FL694-41</Tool>
      <Weeks>0</Weeks>
      <Days>2</Days>
   </rental>
   <rental>
      <Customer>cust654</Customer>
      <Start_Date>2017-07-21</Start_Date>
      <Tool>PU724-81</Tool>
      <Weeks>0</Weeks>
      <Days>5</Days>
   </rental>
   <rental>
      <Customer>cust138</Customer>
      <Start_Date>2017-07-22</Start_Date>
      <Tool>FL662-80</Tool>
      <Weeks>0</Weeks>
      <Days>2</Days>
   </rental>
   <rental>
      <Customer>cust608</Customer>
      <Start_Date>2017-07-22</Start_Date>
      <Tool>LA188-26</Tool>
      <Weeks>0</Weeks>
      <Days>2</Days>
   </rental>
   <rental>
      <Customer>cust397</Customer>
      <Start_Date>2017-07-22</Start_Date>
      <Tool>LA116-72</Tool>
      <Weeks>2</Weeks>
      <Days>4</Days>
   </rental>
   <rental>
      <Customer>cust513</Customer>
      <Start_Date>2017-07-22</Start_Date>
      <Tool>LA467-72</Tool>
      <Weeks>0</Weeks>
      <Days>1</Days>
   </rental>
   <rental>
      <Customer>cust822</Customer>
      <Start_Date>2017-07-22</Start_Date>
      <Tool>PU856-40</Tool>
      <Weeks>0</Weeks>
      <Days>4</Days>
   </rental>
   <rental>
      <Customer>cust376</Customer>
      <Start_Date>2017-07-23</Start_Date>
      <Tool>LA654-90</Tool>
      <Weeks>0</Weeks>
      <Days>2</Days>
   </rental>
   <rental>
      <Customer>cust421</Customer>
      <Start_Date>2017-07-23</Start_Date>
      <Tool>LA402-96</Tool>
      <Weeks>0</Weeks>
      <Days>1</Days>
   </rental>
   <rental>
      <Customer>cust117</Customer>
      <Start_Date>2017-07-23</Start_Date>
      <Tool>LA416-93</Tool>
      <Weeks>1</Weeks>
      <Days>2</Days>
   </rental>
   <rental>
      <Customer>cust626</Customer>
      <Start_Date>2017-07-24</Start_Date>
      <Tool>FL623-63</Tool>
      <Weeks>0</Weeks>
      <Days>3</Days>
   </rental>
   <rental>
      <Customer>cust560</Customer>
      <Start_Date>2017-07-24</Start_Date>
      <Tool>LA116-72</Tool>
      <Weeks>0</Weeks>
      <Days>2</Days>
   </rental>
   <rental>
      <Customer>cust169</Customer>
      <Start_Date>2017-07-24</Start_Date>
      <Tool>LA170-14</Tool>
      <Weeks>1</Weeks>
      <Days>3</Days>
   </rental>
   <rental>
      <Customer>cust728</Customer>
      <Start_Date>2017-07-24</Start_Date>
      <Tool>PU416-64</Tool>
      <Weeks>3</Weeks>
      <Days>1</Days>
   </rental>
</rentals>
